Dirección,Tiltes buenos
/adelgazamiento/,Programa de nutrición personalizado para la pérdida de peso -  Antiaging Group Barcelona
/blog/recupera-silueta-ideal/,Recupera tu silueta ideal - Antiaging Group Barcelona
/blog/rinomodelacion-sin-cirugia/,La Rinomodelación sin Cirugía - Antiaging Group Barcelona
/blog/como-combatir-la-flacidez-en-los-brazos/,Combatir la flacidez en los brazos - Antiaging Group Barcelona
/blog/antes-y-despues-aumento-de-pecho-caido-por-embarazo/,Antes y después: aumento de pecho para pecho caído por embarazo - Antiaging Group Barcelona
/contorno-corporal/,Contorno corporal archivos - Antiaging Group Barcelona
/blog/piel-luminosa/,Cómo conseguir una piel luminosa - Antiaging Group Barcelona
/blog/que-es-la-celulitis-infecciosa-y-como-se-trata/,¿Qué es la celulitis infecciosa y cómo se trata? - Antiaging Group Barcelona
/blog/como-saber-si-tienes-sobrepeso/,¿Cómo saber si tienes sobrepeso? - Antiaging Group Barcelona
/blog/aumento-de-labios-natural-sin-cirugia/,Cómo conseguir un aumento de labios natural sin cirugía - Antiaging Group Barcelona
/blog/control-implante-mama/,Seguimiento de los implantes mamarios - Antiaging Group Barcelona
/blog/tipos-de-operaciones-de-pecho/,Tipos de operaciones de pecho - Antiaging Group Barcelona
/codigo-etico/,Código Ético - Antiaging Group Barcelona
/blog/imagen-corporal-autoestima-y-cirugia-estetica/,"Imagen corporal, autoestima y cirugía plástica-estética - Antiaging Group Barcelona"
/blog/botox-y-cejas-de-diablo/,Bótox y cejas de diablo: ¿Cómo evitar el efecto Spock? - Antiaging Group Barcelona
/blog/micropigmentacion-de-labios/,Micropigmentación de labios - Antiaging Group Barcelona
/blog/aumento-de-mamas-perfil-y-proyeccion/,Aumento de mamas: perfil y proyección - Antiaging Group Barcelona
/blog/diastasis-abdominal-diastasis-rectos/,Diastasis abdominal - diastasis de rectos - Antiaging Group Barcelona
/blog/rejuvenecimiento-facial-sin-cirugia/,Como rejuvenecer la cara sin cirugia - Antiaging Group Barcelona
/blog/dieta-antioxidante-verano/,¿Preparados para tomar el sol? - Antiaging Group Barcelona - Antiaging Group Barcelona
/blog/envejecer-es-un-pecado/,Envejecer es un pecado - Antiaging Group Barcelona
/como-preparar-la-piel-para-un-peeling/,"Como preparar la piel para un peeling - Antiaging Group Barcelona
"
/blog/manchas-solares-tras-verano/,Manchas solares tras el verano: ¿qué hacer? - Antiaging Group Barcelona
/blog/maquillaje-permanente-dermopigmentacion-facial/,Maquillaje permanente: dermopigmentación facial - Antiaging Group Barcelona
/blog/mastectomia-subcutanea/,La mastectomía subcutánea - Antiaging Group Barcelona
/blog/las-mejores-epocas-ano-para-la-cirugia-estetica/,Las mejores épocas del año para la cirugía estética - Antiaging Group Barcelona
/cirugia-plastica-piernas/,Reconstrucción estética de pierna - Antiaging Group Barcelona
/blog/pechos-separados/,Tengo los pechos separados - Antiaging Group Barcelona
/blog/fotos-aumento-mamas-via-axilar/,Caso con foto de un aumento de mamas por vía axilar - Dr. Jesús Benito - Antiaging Group Barcelona
/blog/hidratacion-piel/,¿Le falta hidratación a tu piel? - Antiaging Group Barcelona
/blog/eliminar-cicatrices-operacion-urgotouch/,Urgotouch: eliminar cicatrices de una operación estética - Antiaging Group Barcelona
/blog/mascarillas-caseras-antiarrugas/,Mascarillas caseras antiarrugas: cuáles - Antiaging Group Barcelona
/medicina-estetica/page/4/,Categoría - Estética y rejuvenecimiento - Antiaging Group Barcelona
/blog/elastic-skin-nuevos-avances-revolucionarios-en-camino/,Elastic Skin - Antiaging Group Barcelona
/blog/reduccion-mamas/,Reducción de mamas - Antiaging Group Barcelona
/blog/envejecimiento-labios/,Como envejecen los labios - Antiaging Group Barcelona
/blog/cancer-de-mama-y-reconstruccion-mamaria/,Cáncer de mama y reconstrucción mamaria - Antiaging Group Barcelona
/blog/pechos-desiguales/,"Pechos desiguales, mamas asimétricas - Antiaging Group Barcelona"
/medicina-estetica/page/5/,Categoría - Estética y rejuvenecimiento - Antiaging Group Barcelona
/blog/diep-reconstruccion-de-mama-en-barcelona/,DIEP: reconstrucción de mama en Barcelona - Antiaging Group Barcelona
/blog/lo-mas-buscado-estetica/,Lo más buscado en estética - Antiaging Group Barcelona - Antiaging Group Barcelona
/blog/dermatoporosis-una-nueva-realidad-del-envejecimiento-cutaneo/,Dermatoporosis: una nueva realidad del envejecimiento cutáneo - Antiaging Group Barcelona
/lipodistrofia-facial/,Tratamiento de la lipodistrofia facial  - Antiaging Group Barcelona
/medicina-estetica/page/2/,Categoría - Estética y rejuvenecimiento - Antiaging Group Barcelona
/blog/encapsulamiento-mamario/,Encapsulamiento mamario - Antiaging Group Barcelona
/blog/cual-es-el-mejor-tratamiento-para-las-arrugas-faciales/,Bótox o rellenos: arrugas de expresión - Antiaging Group Barcelona
/blog/mejorar-el-escote/,Mejorar el escote - Antiaging Group Barcelona
/medicina-estetica/page/3/,Categoría - Estética y rejuvenecimiento - Antiaging Group Barcelona
/blog/doble-mastectomia-angeline-jolie-brca1-brca2/,Mastectomia profilactica y reconstruccion mamaria - Antiaging Group Barcelona
/cirugia-de-mamas/,Categoría - Cirugía de Mamas - Antiaging Group Barcelona
/blog/48/,Blog de cirugía plástica y estética - Antiaging Group Barcelona
/tratamientos-faciales/page/4/,Categoría - Tratamientos faciales archivos - Antiaging Group Barcelona
/tratamientos-faciales/page/2/,Categoría - Tratamientos faciales archivos - Antiaging Group Barcelona
/blog/adios-arrugas-marioneta/,"Adiós, arrugas de marioneta - Antiaging Group Barcelona"
/blog/47/,Blog de cirugía plástica y estética - Antiaging Group Barcelona
/tratamientos-faciales/page/3/,Categoría - Tratamientos faciales archivos - Antiaging Group Barcelona
/blog/tratamientos-arrugas-del-cuello/,¿Qué tratamientos se usan ahora para las arrugas del cuello? - Antiaging Group Barcelona
/blog/tratamientos-flacidez-gluteos-piernas/,Flacidez de glúteos y piernas - Antiaging Group Barcelona
/mamas-tuberosas-barcelona/,Cirugía de Mamas Tuberosas en Barcelona - Antiaging Group Barcelona
/blog/envejecimiento-facial-como-se-produce/,Envejecimiento facial: cómo se produce - Antiaging Group Barcelona
/blog/tratamientos-de-belleza-para-navidad/,Tratamientos de belleza para navidad: ¿cuáles y cuándo?
/botox-barcelona/,Bótox en Barcelona para eliminar arrugas - Antiaging Group Barcelona
/aumento-gluteos/,Aumento de gluteos en Barcelona - Antiaging Group Barcelona
/blog/laser-ipl-para-manchas-faciales/,Laser IPL facial - Antiaging Group Barcelona
/blog/que-hago-si-tengo-una-mama-tuberosa/,Tengo mamas tuberosas ¿qué hago? - Antiaging Group Barcelona
/blog/49/,Blog de cirugía plástica y estética - Antiaging Group Barcelona
/acido-hialuronico-barcelona/,Tratamientos con acido hialuronico en Barcelona - Antiaging Group Barcelona
/blog/secretos-una-boca-perfecta/,Secretos de una boca perfecta - Antiaging Group Barcelona
/blog/rejuvenecimiento-facial-con-acido-hialuronico-equilibrio-y-naturalidad/,Rejuvenecimiento con ácido hialurónico - Antiaging Group Barcelona
/testimonial-reduccion-de-pecho/,Testimonial reducción de pecho - Antiaging Group Barcelona
/blog/44/,Blog de cirugía plástica y estética - Antiaging Group Barcelona
/blog/42/,Blog de cirugía plástica y estética - Antiaging Group Barcelona
/blog/cosas-que-haran-tu-postoperatorio-de-cirugia-plastica-mas-comodo/,7 cosas que harán tu postoperatorio de cirugía plástica más cómodo - Antiaging Group Barcelona
/blog/eliminar-marcas-acne/,¿Se pueden eliminar las marcas de acné? - Antiaging Group Barcelona
/blog/evitar-la-papada/,¿Cómo evitar la papada? - Antiaging Group Barcelona
/blog/nuevo-tipo-de-implantes-pectus-excavatum-poland/,Nuevo tipo de implantes para el pectus excavatum y síndrome de Poland - Antiaging Group Barcelona
/blog/43/,Blog de cirugía plástica y estética - Antiaging Group Barcelona
/blog/implantes-atrofia-glandula-mamaria/,¿Los implantes pueden causar atrofia en la glándula mamaria? - Antiaging Group Barcelona
/blog/46/,Blog de cirugía plástica y estética - Antiaging Group Barcelona
/blog/ombligo-abdominoplastia/,El ombligo en la abdominoplastia - Antiaging Group Barcelona
/blog/ansiedad-antes-de-una-cirugia-estetica/,Ansiedad antes de una cirugía estética - Antiaging Group Barcelona
/rostro/,Tratamientos faciales de medicina y cirugía estética - Antiaging Group Barcelona
/relleno-y-aumento-de-labios/,Aumento de labios en Barcelona  - Antiaging Group Barcelona
/blog/la-grasa-y-celulas-madre-en-cirugia-reconstructiva/,La importancia de la grasa y células madre en cirugía reconstructiva - Antiaging Group Barcelona
/blog/45/,Blog de cirugía plástica y estética - Antiaging Group Barcelona
/blog/verdad-protesis-mamarias-giran/,¿Es verdad que las prótesis de mama giran? - Antiaging Group Barcelona
/blog/5-cosas-que-debes-saber-sobre-las-protesis-de-pecho/,5 cosas que debes saber sobre las prótesis de pecho - Antiaging Group Barcelona
/blog/lifting-en-verano/,Lifting en verano: lifting cervicofacial - Antiaging Group Barcelona
/blog/tipos-de-injertos-de-grasa/,Tipos de injertos de grasa - Antiaging Group Barcelona
/blog/9-1-factores-para-elegir-un-cirujano-plastico/,Cómo elegir cirujano plástico - Antiaging Group Barcelona - Antiaging Group Barcelona
/blog/rejuvenecimiento-de-manos-repaso-a-mega-hand-symposium-2010/,Rejuvenecimiento de manos: MEGA HAND Symposium 2010 - Antiaging Group Barcelona
/blog/areolas-y-los-canones-belleza/,¿Y cómo es tu areola? Cánones de belleza - Antiaging Group Barcelona
/reduccion-de-pecho/,Reducción de Pecho en Barcelona  - Antiaging Group Barcelona
/blog/protesis-silicona-seguridad/,Seguridad y marcas de las prótesis de silicona - Antiaging Group Barcelona
/blog/sindrome-de-poland-en-mujeres/,El Síndrome de Poland en mujeres - Antiaging Group Barcelona
/antes-y-despues/reduccion-de-mamas/,Antes y después Reducción de mamas - Antiaging Group Barcelona
/blog/cirugia-genital-femenina/,¿Qué nos preguntan sobre la cirugía genital femenina? Responde la Dra. Manzano - Antiaging Group Barcelona
/blog/vitaminas-cara/,Vitaminas para la cara - Antiaging Group Barcelona
/blog/grasa-localizada-abdominal/,Grasa localizada abdominal - Antiaging Group Barcelona
/blog/la-nueve-fuente-de-la-juventud-celulas-madre/,Toda la verdad sobre el rejuvenecimiento con células madre - Antiaging Group Barcelona
/antes-y-despues/reconstruccion-mamas/,Antes y después Reconstrucción mamas - Antiaging Group Barcelona
/blog/quitarse-las-protesis-de-pecho/,Quitarse las prótesis de pecho - explantacion de implantes Barcelona
/blog/hilos-tensores-para-la-papada/,Hilos tensores para la papada - Antiaging Group Barcelona
/sindrome-de-poland/,Tratamiento del Síndrome de Poland en Barcelona - Antiaging Group Barcelona
/blog/hilos-tensores-espiculados/,Que son los hilos tensores espiculados - Antiaging Group Barcelona
/blog/antiaging-claves-para-retrasar-el-envejecimiento-de-la-piel/,Claves para retrasar el envejecimiento de la piel - Antiaging Group Barcelona
/blog/tratamiento-rosacea/,¿Existe un tratamiento para eliminar la rosácea? - Antiaging Group Barcelona
/blog/la-piel-que-habito-reflexiones-de-una-cirujano-plstico/,La piel que habito: reflexiones de una cirujano plástico - Antiaging Group Barcelona
/blog/hilos-tensores-para-el-cuello/,¿Qué son los hilos tensores para el cuello? - Antiaging Group Barcelona
/blog/que-es-la-papada-y-como-eliminarla/,¿Qué es la papada y por qué sale? - Antiaging Group Barcelona - Antiaging Group Barcelona
/tratamiento-manchas-cara-barcelona/,Tratamientos para Eliminar Manchas en la cara - Antiaging Group Barcelona
/cirugia-para-aumentar-caderas/,Cirugía de aumento de caderas - Antiaging Group Barcelona
/blog/cuanto-cuesta-un-aumento-de-pecho/,Precio del aumento de pecho  - Antiaging Group Barcelona
/blog/implantes-redondos-o-anatomicos/,Prótesis anatómicas o redondas - Antiaging Group Barcelona
/blog/alternativas-a-los-triptanes-para-el-tratamiento-de-la-migrana/,Alternativas a los triptanes para el tratamiento de la migraña - Antiaging Group Barcelona
/blog/lipolaser-lipolife-liposuccion-con-laser/,Lipoláser Lipolife | Liposucción segura con láser - Antiaging Group Barcelona
/blog/flacidez-cuello-y-mandibula/,¿Es posible eliminar la flacidez del cuello y la mandíbula? - Antiaging Group Barcelona
/blog/operarse-antes-del-verano/,Operarse antes del verano - Antiaging Group Barcelona
/blog/mamas-dinamicas-aumento-de-pecho/,Mamas dinámicas en el aumento de pecho - Antiaging Group Barcelona
/blog/parpados-acido-hialuronico/,Acido hialurónico para rejuvenecer los párpados - Antiaging Group Barcelona
/blog/belleza-masculina/,"Belleza masculina: Apolo, Adonis, Narciso - Antiaging Group Barcelona"
/blog/malformaciones-del-torax-en-hombre/,Malformaciones del tórax en el hombre - Antiaging Group Barcelona
/planes/,Planes - Antiaging Group Barcelona
/implantes-musculares-para-hombres/,Implantes musculares para hombres  - Antiaging Group Barcelona
/blog/consejos-retrasar-envejecimiento-piel/,5 consejos para retrasar el envejecimiento de la piel - Antiaging Group Barcelona
/blog/los-10-mandamientos-para-proteger-la-piel-del-frio/,10 consejos para proteger la piel del frío - Antiaging Group Barcelona
/radiofrecuencia-corporal-barcelona/,Tratamiento de radiofrecuencia en Barcelona - Antiaging Group Barcelona
/pecho/,Mamoplastia en Barcelona | Cirugía Estetica Mamaria : Antiaging Group Barcelona
/blog/sonrisa-gingival/,¿Cómo corregir la sonrisa gingival? - Antiaging Group Barcelona
/blog/vuelve-la-grasa-tras-una-liposuccion/,¿Vuelve la grasa tras una liposucción? - Antiaging Group Barcelona
/blog/como-saber-si-tengo-migrana/,Cómo saber si tengo migraña - Antiaging Group Barcelona
/blog/no-es-aconsejable-una-abdominoplastia-junto-con-la-cesarea/,Abdominoplastia y cesárea - Antiaging Group Barcelona
/blog/lipoatrofia-facial-en-pacientes-con-vih-ensayo-clinico/,Lipoatrofia facial en pacientes con VIH: Buscamos candidatos para estudio clínico - Antiaging Group Barcelona
/lipectomias-cirugia-postbariatrica/,Lipectomia Abdominal | Cirugía postbariátrica - Antiaging Group Barcelona
/blog/aumento-de-gluteos-video/,Aumento de glúteos: vídeo - Antiaging Group Barcelona
/blog/ansiedad-cirugia-estetica-como-preparars/,Ansiedad y cirugía estética: cómo prepararse - Antiaging Group Barcelona
/laser/,Tratamientos Estéticos con Laser en Barcelona - Antiaging Group Barcelona
/blog/manchas-en-piel/,Manchas en la piel - Antiaging Group Barcelona
/blog/si-a-los-implantes-para-hombres-pero-con-profesionalidad/,Implantes para hombres: elegir a un buen cirujano - Antiaging Group Barcelona
/implante-pectorales/,Aumento de pectorales en hombres  - Antiaging Group Barcelona
/blog/lifting-hilos-tensores-fotos-antes-despues-hilos-coreanos/,"Hilos tensores, hilos coreanos, Barcelona: fotos, resultados"
/blog/postoperatorio-del-aumento-de-mamas/,Postoperatorio del aumento de mamas - Antiaging Group Barcelona
/blog/uso-de-la-ecografia-en-cirugia-y-medicina-estetica/,Uso de la ecografía en cirugía y medicina estética - Antiaging Group Barcelona
/blog/rippling-aumento-pecho/,¿Qué es el rippling en aumento de pecho? - Antiaging Group Barcelona
/blog/cuidar-la-piel-durante-el-embarazo/,Cuidar la piel durante el embarazo - Antiaging Group Barcelona
/blog/consejos-para-despues-de-una-blefaroplastia/,Consejos para el posoperatorio de una blefaroplastia - Antiaging Group Barcelona
/blog/aumento-de-mama-submuscular-o-no/,Aumento de mamas: submuscular o no - Antiaging Group Barcelona
/blog/hidrashock-reafirma-cutis-cuello-escote-y-manos/,"Hidrashock: reafirma cutis, cuello, escote y manos - Antiaging Group Barcelona"
/blog/grasa-localizada-checklist-para-reconocerla-y-combatirla/,Grasa localizada: Checklist para reconocerla y combatirla - Antiaging Group Barcelona
/blog/ginecomastia-el-mejor-tratamiento-con-cirugia-estetica-poco-invasiva/,Ginecomastia: el mejor tratamiento con cirugía estética poco invasiva - Antiaging Group Barcelona
/blog/candidato-preparado-para-cirugia-plastica/,¿Estás preparado/a para una cirugía plástica? - Antiaging Group Barcelona
/blog/labios-mayores/,Labios mayores: rejuvenecimiento -  Antiaging Group Barcelona
/gluteos/,Categoría - Gluteos - Antiaging Group Barcelona
/blog/cirugia-combinada-es-segura/,Combinar cirugías: ¿es seguro? - Antiaging Group Barcelona
/blog/pectorales-a-punto/,Pectorales a punto - Antiaging Group Barcelona
/blog/mujeres-sin-depilar/,Mujeres sin depilar: la moda de Julia Roberts o Madonna - Antiaging Group Barcelona
/politica-de-cookies/,Política de Cookies - Antiaging Group Barcelona
/full-face/,Qué es la reestructuracion facial  - Antiaging Group Barcelona
/blog/26466-2/,Flacidez facial - Antiaging Group Barcelona
/abdominoplastia-barcelona/,Abdominoplastia en Barcelona  - Antiaging Group Barcelona
/blog/tratamientos-para-las-manchas-faciales-eficaces/,Hora de los tratamientos para las manchas faciales - Antiaging Group Barcelona
/blog/aplicaciones-de-la-fraccion-vascular-estromal-svf/,Aplicaciones de la Fracción Vascular Estromal - Antiaging Group Barcelona
/blog/como-eliminar-grasa-localizada/,¿Cómo eliminar la grasa localizada? - Antiaging Group Barcelona
/blog/micropigmentacion-vs-tatuajes/,Micropigmentación vs tatuajes - Antiaging Group Barcelona
/blog/tesis-sobre-arteria-metacarpiana/,Tesis sobre arteria metacarpiana - Antiaging Group Barcelona
/financiacion/,Financiación - Antiaging Group Barcelona
/blog/doctor-sudo-mucho/,Causas y Soluciones para la Sudoración Excesiva - Antiaging Group Barcelona
/blog/consejos-cuidados-de-la-piel-en-otono/,Consejos: cuidados de la piel en otoño - Antiaging Group Barcelona
/blog/pectina-citrica-modificada/,Pectina cítrica modificada - Antiaging Group Barcelona
/blog/39/,Blog de cirugía plástica y estética - Antiaging Group Barcelona
/blog/tratamientos-para-una-mirada-mas-joven/,"Tratamientos para una mirada más joven, de verdad. - Antiaging Group Barcelona"
/mesoterapia-corporal-y-facial/,Mesoterapia corporal y facial en Barcelona - Antiaging Group Barcelona
/blog/bucear-o-volar-implantes-mama/,¿Es seguro bucear o volar con implantes de mama? - Antiaging Group Barcelona
/lifting-facial-barcelona/,Tratamiento de lifting facial en Barcelona - Antiaging Group Barcelona
/blog/la-cirugia-estetica-masculina-y-su-evolucion/,La cirugía estética masculina y su evolución - Antiaging Group Barcelona
/reestructuracion-facial/,Qué es la reestructuracion facial  - Antiaging Group Barcelona
/tratamiento-arrugas-entrecejo/,Tratamiento arrugas entrecejo: Toxina Botulínica y Ácido Hialurónico - Antiaging Group Barcelona
/medicina-estetica/,Categoría Estética y rejuvenecimiento - Antiaging Group Barcelona
/blog/36/,Blog de cirugía plástica y estética - Antiaging Group Barcelona
/blog/no-tengo-culo/,"""Doctor, no tengo culo"" - Antiaging Group Barcelona"
/blog/anestesia-preguntas-frecuentes/,Anestesia y cirugía: preguntas frecuentes - Antiaging Group Barcelona
/blog/aumento-gemelos-grasa/,Aumento de gemelos con grasa -  Antiaging Group Barcelona
/tratamiento-laser-para-las-manchas/,Tratamiento laser para las manchas  - Antiaging Group Barcelona
/blog/objetivo-vientre-plano/,Objetivo vientre plano - Antiaging Group Barcelona
/blog/35/,Blog de cirugía plástica y estética - Antiaging Group Barcelona
/blog/implantes-de-poliuretano-que-son-ventajas-y-desventajas/,Implantes de poliuretano para el aumento de pecho - Barcelona - Antiaging Group Barcelona
/blog/rinoplastia-y-tipos-de-nariz/,Rinoplastia y los tipos de nariz - Antiaging Group Barcelona
/eliminar-varices-barcelona/,Tratamiento láser para eliminar varices  - Antiaging Group Barcelona
/blog/orden-me-doy-las-cremas/,¿En qué orden me doy las cremas? Pues así - Antiaging Group Barcelona
/blog/malo-mezclar-cremas/,Mezclar cremas - Antiaging Group Barcelona
/blog/38/,Blog de cirugía plástica y estética - Antiaging Group Barcelona
/blog/rejuvenecimiento-de-parpados/,Rejuvenecimiento de párpados - Antiaging Group Barcelona
/blog/lifting-facial-cuando-es-la-mejor-alternativa-tratamiento-flacidez/,¿Lifting facial o hilos tensores? - Antiaging Group Barcelona
/blog/tejido-adiposo-celulas-madre-medicina-regenerativa/,Tejido adiposo y células madre - Antiaging Group Barcelona
/estetica-masculina/,Categoría Estética Masculina - Antiaging Group Barcelona
/blog/porque-no-todos-somos-iguales-ante-el-sol-proteccion/,Porque no todos somos iguales ante el sol - Antiaging Group Barcelona
/blog/reducir-grasa-localizada/,Eliminar la grasa localizada - Antiaging Group Barcelona
/elevacion-de-pecho-en-barcelona/,Mastopexia o elevación de pecho en Barcelona - Antiaging Group Barcelona
/blog/evolucion-y-composicion-de-los-implantes-de-mama/,Evolución y composición de los implantes de mama - Antiaging Group Barcelona
/blog/el-lifting-no-ha-muerto/,El lifting no ha muerto - Antiaging Group Barcelona
/blog/que-es-la-bichectomia/,¿Qué es la bichectomía? - Antiaging Group Barcelona
/doctora-laura-salvador-miranda/,Doctora Laura Salvador Miranda - Antiaging Group Barcelona
/doctor-martin-gaston-alvarez/,Doctor Martín Gastón Álvarez - Antiaging Group Barcelona
/blog/leptina-obesidad-liposuccion/,"De leptina, obesidad y liposucción - Antiaging Group Barcelona"
/blog/aumento-de-mamas-preguntas-frecuentes-dr-jesus-benito/,Aumento de mamas: preguntas frecuentes por Dr. Jesús Benito - Antiaging Group Barcelona
/blog/que-es-nutricosmetica/,Qué es la nutricosmética - Antiaging Group Barcelona
/blog/tatuajes-seguridad-homologados/,Cuidados y Consejos para Antes de hacerte un Tatuaje - Antiaging Group Barcelona
/blog/despues-de-una-mastectomia-que-reconstruccion-mamaria/,Después de una mastectomía ¿qué? - Antiaging Group Barcelona
/blog/aumento-de-mamas-subfascial/,Aumento de mamas subfascial - Antiaging Group Barcelona
/pide-cita/,Pide Cita - Antiaging Group Barcelona
/blog/manos-viejas-cara-joven/,"Cara joven, ¿manos viejas? - ¿Qué tratamientos hay? - Antiaging Group Barcelona"
/blog/cirugia-de-gluteos/,"La nueva cirugía de glúteos: no sólo volumen, ¡también la forma cuenta! - Antiaging Group Barcelona"
/doctor-jesus-benito-ruiz/,Doctor Jesús Benito Ruiz - Antiaging Group Barcelona
/cuerpo/,Tratamientos corporales en Barcelona  - Antiaging Group Barcelona
/blog/cirugia-estetica-de-la-mama-tras-el-parto/,Cirugía estética de la mama tras el parto - Antiaging Group Barcelona
/blog/preguntas-antes-operacion/,¿Qué debo saber antes de operarme? - Antiaging Group Barcelona
/blog/cuenta-atras-verano/,Cuenta atrás para el verano - Antiaging Group Barcelona
/blog/cosmeticos-lo-que-dice-la-wikipedia/,Cosméticos: lo que dice la Wikipedia - Antiaging Group Barcelona
/blog/recuperar-luz-en-la-piel/,Activos para recuperar luz en la piel: ¿qué hay que tener en cuenta? - Antiaging Group Barcelona
/ginecomastia-barcelona/,Ginecomastia para Hombres | Cirugía de Pechos para Hombres - Antiaging Group Barcelona
/contractura-capsular/,Contractura Capsular: soluciones y tratamiento - Antiaging Group Barcelona
/blog/relleno-de-manos/,Relleno de manos - Antiaging Group Barcelona
/blog/diferencias-entre-botox-y-acido-hialuronico/,Diferencias entre bótox y ácido hialurónico - Antiaging Group Barcelona
/blog/ojeras-bolsas-malares-y-festones-por-que-aparecen-y-como-se-quitan/,Bolsas malares y festones: por qué aparecen y cómo se quitan - Antiaging Group Barcelona
/blog/por-que-nos-cuesta-tanto-seguir-una-dieta-sana/,¿Por qué nos cuesta tanto seguir una dieta sana? - Antiaging Group Barcelona
/blog/como-me-quito-las-cicatrices-del-acne/,Cómo me quito las cicatrices del acné - Antiaging Group Barcelona
/contorno-corporal/page/2/,Categoría  Contorno corporal -  Antiaging Group Barcelona
/depilacion-laser-medica/,Depilación laser Médica  - Antiaging Group Barcelona
/blog/presupuesto-ajustado-lipomodelacion-segmentaria/,Lipomodelación segmentaria - Antiaging Group Barcelona
/blog/10-cosas-que-no-sabes-sobre-la-cirugia-intima/,10 cosas que no sabes de la cirugía íntima - Antiaging Group Barcelona
/blog/regenerar-el-cuerpo/,¿Podrá el ser humano regenerar el cuerpo? - Antiaging Group Barcelona
/blog/cirugia-y-medicina-estetica-relaciones-de-pareja/,Cirugía y medicina estética: relaciones de pareja
/blog/pantorrillas-demasiado-delgadas-aumento-de-gemelos/,Aumento de pantorrillas para pantorrillas delgadas - Antiaging Group Barcelona
/blog/nutricion-antienvejecimiento-o-nutricion-para-la-longevidad/,Nutrición antienvejecimiento - Antiaging Group Barcelona
/blog/quiero-una-cara-famosa-persiguiendo-ideales-en-cirugia-estetica/,Perseguir ideales de belleza de famosos en cirugia estetica - Antiaging Group Barcelona
/blog/asi-envejece-el-pecho-en-una-mujer/,¿Cómo envejece el pecho femenino? Rejuvenecimiento de pecho - Antiaging Group Barcelona
/blog/recambio-de-implantes-mamarios/,Recambio de implantes mamarios: cuándo y cómo
/blog/abdominoplastia-preguntas-frecuentes/,Preguntas frecuentes sobre la abdominoplastia - Antiaging Group Barcelona
/blog/sobre-el-rejuvenecimiento-facial-nuestro-protocolo/,Rejuvenecimiento facial - Antiaging Group Barcelona
/blog/volvemos-estetica-post-covid/,VOLVEMOS!!: ESTETICA POST-COVID - Antiaging Group Barcelona
/blog/naturalidad-exceso-botox/,¿te vas a poner bótox? - Clínica de medicina estética Barcelona - Antiaging Group Barcelona
/blog/visioface-analisis-manchas-piel/,Visioface: análisis y mejoría de la piel - Antiaging Group Barcelona - Antiaging Group Barcelona
/blog/en-quirofano-durante-una-cirugia-plastica/,¿Qué pasa en quirófano durante una cirugía plástica? - Antiaging Group Barcelona
/cirugia-reparadora/page/3/,Categoría - Cirugía Reconstructiva - Antiaging Group Barcelona
/blog/levantar-cejas-tecnicas-levantamiento/,Levantar las cejas: técnicas de levantamiento - Antiaging Group Barcelona
/blog/bruxismo-hipertrofia-maseteros/,Bruxismo e hipertrofia de maseteros: Tratamiento y causas
/blog/mejorar-los-gluteos-sin-cirugia/,Mejorar los glúteos sin cirugía - Antiaging Group Barcelona
/blog/rellenos-acido-hialuronico-o-grasa/,¿Rellenos de ácido hialurónico o grasa? - Antiaging Group Barcelona
/blog/10-preguntas-frecuentes-sobre-hilos-tensores/,10 Preguntas frecuentes sobre Hilos Tensores - Antiaging Group Barcelona
/blog/trucos-para-una-piel-bonita/,Consejos para tener una piel sana - Antiaging Group Barcelona
/blog/como-preparar-la-piel-para-un-peeling/,Preparar la piel para un peeling - Antiaging Group Barcelona
/blog/hombres-con-pecho-femenino/,Hombres con pecho femenino - Antiaging Group Barcelona
/blog/aumento-de-mamas-no-al-masaje-postoperatorio/,Aumento de mamas: no al masaje postoperatorio de implantes - Antiaging Group Barcelona
/blog/mirame-los-ojos-lucir-escote-mas-joven/,Mírame a los ojos (o cómo lucir un escote más joven) - Antiaging Group Barcelona
/blog/computer-face-ordenador-provoca-arrugas/,"Computer face, mala face. El ordenador provoca arrugas. - Antiaging Group Barcelona"
/blog/eliminacion-definitiva-arrugas-entrecejo/,¿Cómo eliminar para siempre las arrugas del entrecejo? - Antiaging Group Barcelona
/cirugia-reparadora/page/4/,Categoría - Cirugía Reconstructiva - Antiaging Group Barcelona
/lipoescultura-lipolaser/,Lipolaser en Barcelona - Antiaging Group Barcelona
/blog/implante-de-mama-roto/,Tengo la prótesis de mama rota - Antiaging Group Barcelona
/blog/protesis-de-pecho-ligeras-b-lite/,Prótesis de pecho ligeras B-Lite: ideal para deportistas - Antiaging Group Barcelona
/cirugia-reparadora/page/2/,Categoría - Cirugía Reconstructiva - Antiaging Group Barcelona
/blog/dudas-mamoplastia-de-aumento/,Tus dudas sobre la mamoplastia de aumento - Antiaging Group Barcelona
/blog/efectos-del-tabaco-en-la-piel/,Efectos del tabaco en la piel: ¿De verdad te cuidas? - Antiaging Group Barcelona
/blog/cirugia-reconstructiva-faringostoma/,Cirugía reconstructiva: Faringostoma - Antiaging Group Barcelona
/cirugia-reparadora/,Categoría - Cirugía Reconstructiva - Antiaging Group Barcelona
/rejuvenecimiento-mirada/,Rejuvenecimiento de la mirada  - Antiaging Group Barcelona
/blog/lifting-sin-cirugia/,¿Qué es un Lifting sin Cirugía? - Antiaging Group Barcelona
/blog/tabaco-cirugia-estetica/,Tabaco y Cirugía Estética - Antiaging Group Barcelona
/blog/dime-gestos-haces-te-dire-arrugas-tienes/,Dime qué gestos haces y te diré qué arrugas tienes - Antiaging Group Barcelona
/blog/que-es-para-que-sirve-acido-hialuronico/,¿Qué es y para qué sirve el ácido hialurónico? - Antiaging Group Barcelona
/blog/implantes-de-silicona-diferencias-entre-centimetros-cubicos-y-gramos/,Implantes de mama: centímetros cúbicos o gramos - Antiaging Group Barcelona
/blog/rejuvenecimiento-de-manos-con-grasa/,Rejuvenecimiento de manos con grasa - Antiaging Group Barcelona - Antiaging Group Barcelona
/cirugia-plastica-y-estetica/,Categoría - Cirugia Plastica y Estetica archivos - Antiaging Group Barcelona
/blog/tipo-de-piel-y-arrugas/,Qué tipo de piel es más propenso a desarrollar arrugas - Antiaging Group Barcelona
/cirugia-plastica-y-estetica/page/3/,Categoría - Cirugia Plastica y Estetica archivos - Antiaging Group Barcelona
/blog/segunda-operacion-de-pecho/,Segunda operación de pecho: ventajas de Antiaging Group Barcelona
/blog/relleno-grasa-facial/,Lipofilling facial - Antiaging Group Barcelona
/blog/sabes-que-es-el-xantelasma/,¿Qué es el xantelasma? - Antiaging Group Barcelona
/blog/contorno-corporal-tras-el-parto-cirugia-estetica/,Contorno corporal tras el parto: cirugía estética - Antiaging Group Barcelona
/blog/ejercicios-para-despues-de-un-aumento-de-pecho/,Ejercicios para después de un aumento de pecho - Antiaging Group Barcelona
/blog/cirugia-facial-en-otono/,3 tratamientos de cirugía facial en otoño - Antiaging Group Barcelona
/cirugia-plastica-y-estetica/page/4/,Categoría - Cirugia Plastica y Estetica archivos - Antiaging Group Barcelona
/blog/expectativas-y-cirugia-estetica/,Expectativas y cirugía estética - Antiaging Group Barcelona
/cirugia-plastica-y-estetica/page/5/,Categoría - Cirugia Plastica y Estetica archivos - Antiaging Group Barcelona
/blog/lifting-de-8-puntos/,Lifting de 8 puntos en la clínica Antiaging Group Barcelona - Antiaging Group Barcelona
/blog/celulas-madre-grasa-y-aumento-mamario/,"Células madre, grasa y aumento mamario - Antiaging Group Barcelona"
/blog/ojeras-causas-y-tratamientos/,Ojeras: causas y tratamientos - Antiaging Group Barcelona
/blog/rejuvenecimiento-de-manos-con-lipofilling-grasa/,Rejuvenecimiento de manos. Lipofilling - Antiaging Group Barcelona
/blog/tipos-de-toxina-botulinica/,Tipos de toxina botulínica - Antiaging Group Barcelona
/cirugia-plastica-y-estetica/page/2/,Categoría - Cirugia Plastica y Estetica archivos - Antiaging Group Barcelona
/blog/mastopexia-2/,Mastopexia para el pecho flacido - Antiaging Group Barcelona
/blog/disimular-imperfecciones-de-la-piel-despues-de-tratamiento-cosmetico-medico-estetico/,Cómo disimular imperfecciones en la piel tras un tratamiento estético - Antiaging Group Barcelona
/preguntas-frecuentes/,FAQS - Antiaging Group Barcelona - Antiaging Group Barcelona
/blog/los-gluteos-nuevo-escote/,Los glúteos son el nuevo escote - Antiaging Group Barcelona
/cirugia-intima-masculina/,Cirugía íntima masculina - Antiaging Group Barcelona
/blog/rellenos-faciales-y-beneficios/,¿Qué son los rellenos faciales y cuáles son sus beneficios? - Antiaging Group Barcelona
/blog/rejuvenecimiento-genital-femenino/,Rejuvenecimiento genital femenino - Antiaging Group Barcelona
/blog/se-produce-la-atrofia-genital-femenina/,¿Porqué se produce la atrofia genital femenina? - Antiaging Group Barcelona
/blog/medicina-regenerativa-fraccion-vascular-estromal/,Medicina regenerativa: 15 aplicaciones de fracción vascular estromal - Antiaging Group Barcelona
/liposuccion-barcelona/,Liposucción o Lipoescultura en Barcelona - Antiaging Group Barcelona
/antes-y-despues/cirugia-rostro/,Antes y después Cirugía facial - Antiaging Group Barcelona
/cirugia-de-mamas/page/3/,Categoría - Cirugía de Mamas - Antiaging Group Barcelona
/blog/codigo-barras-soluciones-combatirlo/,Código de barras: ¿qué tratamientos existen para eliminarlo? - Antiaging Group Barcelona
/blog/cuidados-piel-tras-excesos-navidad/,Cuidados de la piel tras los excesos de la Navidad - Antiaging Group Barcelona
/blog/como-perder-grasa-abdominal/,¿Cómo perder grasa abdominal de forma natural? - Antiaging Group Barcelona
/cirugia-de-mamas/page/2/,Categoría - Cirugía de Mamas - Antiaging Group Barcelona
/antes-y-despues/cirugia-cuerpo/,Antes y después Cirugía corporal - Antiaging Group Barcelona
/hilos-tensores-barcelona/,Tratamientos con hilos tensores en Barcelona - Antiaging Group Barcelona
/blog/bra-rolls-o-el-rollito-de-grasa-bajo-el-sujetador/,Cómo eliminar los michelines que sobresalen por el sujetador - Antiaging Group Barcelona
/blog/causas-asimetria-mamaria/,Causas de asimetría mamaria - Antiaging Group Barcelona
/cirugia-de-mamas/page/5/,Categoría - Cirugía de Mamas - Antiaging Group Barcelona
/blog/manos-viejas/,"Cara joven, ¿manos viejas? - ¿Qué tratamientos hay?"
/blog/mesoterapia-facial-nanoroller/,Mesoterapia facial con nanoroller - Antiaging Group Barcelona
/cambio-de-protesis-mamaria-por-rotura/,Cambio de prótesis mamaria por rotura - Antiaging Group Barcelona
/aumento-de-pecho-barcelona/,Aumento de pecho en Barcelona - Antiaging Group Barcelona
/antes-y-despues/caderas-y-gluteos/,Antes y después Caderas y glúteos - Antiaging Group Barcelona
/blog/41/,Blog de cirugía plástica y estética - Antiaging Group Barcelona
/cirugia-de-mamas/page/4/,Categoría - Cirugía de Mamas - Antiaging Group Barcelona
/blog/40/,Blog de cirugía plástica y estética - Antiaging Group Barcelona
/tratamientos-faciales/,Tratamientos de Medicina Estética Facial en Barcelona - Antiaging Group Barcelona
/blog/labioplastia/,Labioplastia: preguntas frecuentes - Antiaging Group Barcelona
/blog/repetir-operacion-de-pecho-cirugia-secundaria-de-mama/,Cirugia secundaria de mama-Repetir operación de pecho- Barcelona - Antiaging Group Barcelona
/blog/37/,Blog de cirugía plástica y estética - Antiaging Group Barcelona
/blog/adictos-al-botox/,¿Adictos al botox? - Antiaging Group Barcelona - Antiaging Group Barcelona
/blog/acido-hialuronico-10-cosas-tal-vez-no-sepas/,Ácido Hialurónico: 10 cosas que tal vez no sepas - Antiaging Group Barcelona
/blog/la-mirada-en-tiempos-del-covid/,La mirada en tiempos del COVID - Antiaging Group Barcelona
/blog/cirugia-reconstructiva-extremidad-inferior/,Cirugia Reconstructiva: Extremidad inferior - Antiaging Group Barcelona
/aviso-legal/,Aviso Legal - Antiaging Group Barcelona
/blog/31/,Blog de cirugía plástica y estética - Antiaging Group Barcelona
/blog/que-muestra-la-tarjeta-de-las-protesis-mamarias/,Qué muestra la tarjeta de las prótesis mamarias - Antiaging Group Barcelona
/blog/tratamientos-esteticos-postparto/,¿Es posible realizar tratamientos postparto de estética? - Antiaging Group Barcelona
/blog/32/,Blog de cirugía plástica y estética - Antiaging Group Barcelona
/blog/envejece-contorno-de-ojos-tratamientos/,¿Cómo envejece el contorno de ojos y qué tratamientos hay? - Antiaging Group Barcelona
/blefaroplastia-barcelona/,Blefaroplastia en Barcelona  - Antiaging Group Barcelona
/pecho-hundido-cirugia-pectus-excavatum/,Cirugía de Pectus Excavatum o pecho hundido - Antiaging Group Barcelona
/blog/30/,Blog de cirugía plástica y estética - Antiaging Group Barcelona
/blog/cerrar-un-agujero-de-piercing-se-puede/,¿Cerrar un agujero de piercing? - Antiaging Group Barcelona
/blog/micropigmentacion-de-areolas-preguntas-frecuentes/,Lo que necesitas saber sobre la micropigmentación de areolas - Antiaging Group Barcelona
/blog/34/,Blog de cirugía plástica y estética - Antiaging Group Barcelona
/blog/aumento-pecho-tendencia-grasa-propia-implantes/,10 motivos por los que el aumento de pecho con implante y grasa es trending en 2014 - Antiaging Group Barcelona
/blog/micropigmentacion-parpados-efecto-eyeliner/,Micropigmentación de párpados - Antiaging Group Barcelona
/blog/clear-lift-laser-q-switched/,Clear-lift con laser q switched en Barcelona - Rejuvenecimiento - Antiaging Group Barcelona
/blog/consejos-botox/,10 consejos para prepararse para un bótox - Antiaging Group Barcelona
/blog/7tratamientos-de-medicina-estetica-por-debajo-de-1000-euro/,7 tratamientos de medicina estética por debajo de 1000 euros - Antiaging Group Barcelona
/blog/33/,Blog de cirugía plástica y estética - Antiaging Group Barcelona
/rejuvenecimiento-de-manos/,Rejuvenecimiento de manos  - Antiaging Group Barcelona
/blog/28/,Blog de cirugía plástica y estética - Antiaging Group Barcelona
/blog/27/,Blog de cirugía plástica y estética - Antiaging Group Barcelona
/blog/29/,Blog de cirugía plástica y estética - Antiaging Group Barcelona
/blog/lifting-con-hilos-tensores-y-prp-para-eliminar-la-flacidez-de-la-piel/,Lifting con hilos tensores en Barcelona - rejuvenecimiento - Antiaging Group Barcelona
/blog/el-tiempo-entre-costuras/,El tiempo entre costuras: los cirujanos plásticos somos modistos - Antiaging Group Barcelona
/politica-de-privacidad/,Política de Privacidad - Antiaging Group Barcelona
/blog/24/,Blog de cirugía plástica y estética - Antiaging Group Barcelona
/blog/23/,Blog de cirugía plástica y estética - Antiaging Group Barcelona
/blog/26/,Blog de cirugía plástica y estética - Antiaging Group Barcelona
/blog/25/,Blog de cirugía plástica y estética - Antiaging Group Barcelona
/blog/estetica-facial-alternativas-al-lifting/,Rejuvenecimiento facial: alternativas al lifting - Antiaging Group Barcelona
/blog/casos-complicaciones-aumento-de-mamas/,¿Más casos de complicaciones del aumento de mamas? - Antiaging Group Barcelona
/blog/7/,Blog de cirugía plástica y estética - Antiaging Group Barcelona
/blog/por-que-envejecemos-teorias-de-envejecimiento/,¿Por qué envejecemos? Teorías de envejecimiento - Antiaging Group Barcelona
/blog/6/,Blog de cirugía plástica y estética - Antiaging Group Barcelona
/blog/cirugia-estetica-decision-operarse-entorno-familiar/,Operarse de cirugía estética: el entorno familiar - Antiaging Group Barcelona
/blog/22/,Blog de cirugía plástica y estética - Antiaging Group Barcelona
/blog/5/,Blog de cirugía plástica y estética - Antiaging Group Barcelona
/blog/20/,Blog de cirugía plástica y estética - Antiaging Group Barcelona
/blog/4/,Blog de cirugía plástica y estética - Antiaging Group Barcelona
/blog/lipofilling-viabilidad-tejido-adiposo/,Lipofilling: ¿sobrevive la grasa? - Antiaging Group Barcelona
/blog/21/,Blog de cirugía plástica y estética - Antiaging Group Barcelona
/blog/baby-botox/,"¿Qué es el Baby Botox? Aplicación, tratamiento y resultados - Antiaging Group Barcelona"
/blog/3/,Blog de cirugía plástica y estética - Antiaging Group Barcelona
/blog/estetica-masculina-diferencia-tratamientosdiferencias-tratamientos-estetica-masculina/,Diferencias en los tratamientos de estética masculina - Antiaging Group Barcelona
/prp-plasma-rico-en-plaquetas/,Tratamiento PRP facial en Barcelona | Plasma Rico en Plaquetas - Antiaging Group Barcelona
/blog/2/,Blog de cirugía plástica y estética - Antiaging Group Barcelona
/blog/grasa-localizada-vs-celulitis/,Grasa localizada vs celulitis - Antiaging Group Barcelona
/blog/medicina-y-cirugia-estetica/,¿Es Medicina la Cirugía Estética? - Antiaging Group Barcelona
/blog/rejuvenecimiento-genital-femenino-sin-cirugia-acido-hialuronico/,El ácido hialurónico para el rejuvenecimiento genital femenino sin cirugía - Antiaging Group Barcelona
/blog/60/,Blog de cirugía plástica y estética - Antiaging Group Barcelona
/blog/9/,Blog de cirugía plástica y estética - Antiaging Group Barcelona
/blog/8/,Blog de cirugía plástica y estética - Antiaging Group Barcelona
/blog/asimetria-complejo-areola-pezon/,¿Qué supone una asimetría en el complejo areola-pezón? - Antiaging Group Barcelona
/blog/lifting-labios/,Lifting de labios - Antiaging Group Barcelona
/blog/punta-nasal/,La punta nasal en rinoplastia - Antiaging Group Barcelona
/blog/rinoplastia-postoperatorio-y-resultado/,Postoperatorio y resultado de una rinoplastia - Antiaging Group Barcelona
/blog/ideas-absurdas-aumentar-pecho/,Cinco ideas absurdas para aumentar el pecho - Antiaging Group Barcelona
/blog/peeling-quimico-profundo/,¿Qué es un peeling químico? - Antiaging Group Barcelona
/blog/19/,Blog de cirugía plástica y estética - Antiaging Group Barcelona
/blog/tipos-de-piel-y-depilacion-laser/,Tipos de piel y depilación láser - Antiaging Group Barcelona
/blog/cual-es-la-edad-ideal-para-cada-cirugia-plastica/,Edades para cada tipo de cirugia plastica - Antiaging Group Barcelona
/blog/16/,Blog de cirugía plástica y estética - Antiaging Group Barcelona
/blog/implante-de-gluteos/,Implantes de glúteos o lipofilling ¿qué es mejor? - Antiaging Group Barcelona
/blog/quitarse-protesis-pecho/,Quiero quitarme los implantes de mama - Antiaging Group Barcelona
/blog/15/,Blog de cirugía plástica y estética - Antiaging Group Barcelona
/blog/injertos-de-tejido-adiposo-sistema-celution/,Injertos de tejido adiposo: sistema Celution - Antiaging Group Barcelona
/carboxiterapia-barcelona/,Carboxiterapia corporal y facial en Barcelona - Antiaging Group Barcelona
/blog/18/,Blog de cirugía plástica y estética - Antiaging Group Barcelona
/blog/los-parpados-clave-en-rejuvenecimiento-facial/,Los párpados: clave en rejuvenecimiento facial - Antiaging Group Barcelona
/blog/17/,Blog de cirugía plástica y estética - Antiaging Group Barcelona
/blog/implantes-corporales-musculares/,Implantes corporales musculares - Antiaging Group Barcelona
/blog/errores-frecuentes-adelgazar/,Los 5 errores más frecuentes al querer adelgazar - Antiaging Group Barcelona
/blog/talla-perfecta-aumento-pecho/,¿Cómo elegir la talla ideal para tu aumento de pecho? - Antiaging Group Barcelona
/blog/12/,Blog de cirugía plástica y estética - Antiaging Group Barcelona
/blog/cirugia-plastica-tu-experiencia-en-quirofano/,Cirugía Plástica: Tu experiencia en quirófano - Antiaging Group Barcelona
/blog/59/,Blog de cirugía plástica y estética - Antiaging Group Barcelona
/blog/11/,Blog de cirugía plástica y estética - Antiaging Group Barcelona
/blog/14/,Blog de cirugía plástica y estética - Antiaging Group Barcelona
/blog/13/,Blog de cirugía plástica y estética - Antiaging Group Barcelona
/blog/lactancia-y-cirugia-plastica/,Lactancia y cirugía plástica - Antiaging Group Barcelona
/blog/56/,Blog de cirugía plástica y estética - Antiaging Group Barcelona
/eliminar-la-papada/,Tratamiento para eliminar la papada sin cirugía - Antiaging Group Barcelona
/blog/55/,Blog de cirugía plástica y estética - Antiaging Group Barcelona
/blog/58/,Blog de cirugía plástica y estética - Antiaging Group Barcelona
/blog/simulacion-preoperatoria-cirugia-estetica-cirugia-plastica/,Simulación preoperatoria en Cirugía Estética y Cirugía Plástica - Antiaging Group Barcelona
/blog/10/,Blog de cirugía plástica y estética - Antiaging Group Barcelona
/blog/arte-o-cicatrices-queloides/,Arte o cicatrices: de las cicatrices queloides - Antiaging Group Barcelona
/blog/57/,Blog de cirugía plástica y estética - Antiaging Group Barcelona
/blog/51/,Blog de cirugía plástica y estética - Antiaging Group Barcelona
/blog/blefaroplastia-del-parpado-superior/,"Blefaroplastia del párpado superior: la cirugía, por el Dr. Jesús Benito."
/blog/aumento-de-mamas-con-grasa-lipofilling/,Aumento de mamas con grasa. Lipofilling - Antiaging Group Barcelona
/blog/perfiles-implantes-aumento-mamas/,Perfiles de implantes en el aumento de mamas - Antiaging Group Barcelona
/blog/50/,Blog de cirugía plástica y estética - Antiaging Group Barcelona
/recuperar-la-figura-despues-del-parto/,Cirugía Plástica Estética Postparto en Barcelona - Antiaging Group Barcelona
/blog/53/,Blog de cirugía plástica y estética - Antiaging Group Barcelona
/blog/pezones-invertidos/,Pezones invertidos o pezones retraídos - Antiaging Group Barcelona
/blog/54/,Blog de cirugía plástica y estética - Antiaging Group Barcelona
/blog/que-es-medicina-regenerativa-cirugia/,Cirugía y medicina regenerativa ¿qué es exactamente? - Antiaging Group Barcelona
/blog/10-acidos-buenos-la-piel/,10 ácidos buenos para la piel - Antiaging Group Barcelona
/rinoplastia-barcelona/,Rinoplastia en Barcelona | Operación de Nariz - Antiaging Group Barcelona
/blog/pestanas-mas-largas-es-posible-y-sin-trucos/,Pestañas más largas: es posible y sin trucos - Antiaging Group Barcelona
/blog/reafirmar-piel-liposuccion/,Reafirmar la piel después de la liposucción - Antiaging Group Barcelona
/lifting-de-brazos/,Braquioplastia | Lifting de brazos en Barcelona - Antiaging Group Barcelona
/blog/hilos-tensores-en-pomulos-caidos/,Hilos tensores en pómulos caídos - Antiaging Group Barcelona
/blog/radiofrecuencia-centro-top-barcelona/,Radiofrecuencia: cómo elegir la mejor - Antiaging Group Barcelona
/blog/varices-guia-practica-para-evitarlas/,Varices: Guía práctica Para Controlarlas - Antiaging Group Barcelona
/blog/52/,Blog de cirugía plástica y estética - Antiaging Group Barcelona
/blog/peeling-mesoterapia-de-hidratacion/,Peeling y mesoterapia de hidratación - Antiaging Group Barcelona
/blog/aumento-de-pectorales-preguntas-frecuentes/,"Aumento de pectorales en el hombre, preguntas frecuentes"
/aumento-de-pecho-con-grasa-propia/,Aumento de pecho con grasa en Barcelona  - Antiaging Group Barcelona
/antes-y-despues/aumento-de-pecho/,Antes y después Aumento de pecho - Antiaging Group Barcelona
/peeling-facial-barcelona/,Tratamiento de Peeling Facial en Barcelona - Antiaging Group Barcelona
/blog/leyes-tratamientos-con-celulas-madre/,¿Se pueden hacer tratamientos con células madre? - Antiaging Group Barcelona
/blog/aumento-de-mamas-zoom-8tv/,Aumento de mamas: zoom TV
/blog/contractura-capsular-tras-un-aumento-de-pecho/,¿Tienes una contractura capsular tras un aumento de pecho? - Antiaging Group Barcelona
/blog/beneficios-yoga-facial/,¿Qué beneficios tiene el yoga facial en tu rostro? - Antiaging Group Barcelona
/blog/cirugia-plastica-ninos/,Cirugía plástica en niños - Antiaging Group Barcelona
/blog/escote-lipofilling/,Escote y Lipofilling - Antiaging Group Barcelona
/blog/cirugia-plastica-prevenir-la-trombosis-venosa-profunda/,Cirugía plástica: Prevenir la trombosis venosa profunda - Antiaging Group Barcelona
/blog/operacion-senos-despues-embarazo/,La operación de senos después del embarazo - Antiaging Group Barcelona
/blog/fitoquimicos-nutricion/,"Los fitoquímicos, nutrición antienvejecimiento - Antiaging Group Barcelona"
/blog/aumento-mamas-con-lipofilling/,Aumento de mamas con lipofilling
/blog/elasticidad-de-la-piel/,La elasticidad de la piel - Antiaging Group Barcelona
/blog/tratamientos-para-mujeres-con-patologia-atrofica-genital/,Tratamientos para mujeres con patología atrófica genital - Antiaging Group Barcelona
/blog/aumento-de-mamas-con-grasa-en-yodonatv/,Aumento de mamas con grasa en YoDonaTV
/blog/setgra-uso-grasa-cirugia-plastica/,SETGRA: investigación en el uso de la grasa en cirugía plástica - Antiaging Group Barcelona
/eliminar-grasa-sin-cirugia/,Intralipoterapia | Eliminar grasa sin cirugía - Antiaging Group Barcelona
/blog/aumento-de-gluteos-antes-y-despues/,Aumento de glúteos: antes y después
/blog/aumento-de-mamas-areolar-axilar-submamaria/,"Aumento de mamas: areolar, axilar, submamaria - Antiaging Group Barcelona"
/blog/tipos-de-pigmentos-en-micropigmentacion/,Tipos de pigmentos en micropigmentación - Antiaging Group Barcelona
/aumento-de-gemelos/,Aumento de gemelos  - Antiaging Group Barcelona
/antiflacidez/,Tratamientos antiflacidez  - Antiaging Group Barcelona
/anticelulitis/,Tratamientos anticelulitis  - Antiaging Group Barcelona
/blog/sonrisa-gingival-que-es-y-como-se-trata/,Sonrisa gingival: qué es y como se trata - Antiaging Group Barcelona
/blog/guapa-con-antiaging-glowing-beauty/,Antiaging Glowing Beauty: guapa al instante
/antes-y-despues/,Antes y después resultados de  Antiaging Group Barcelona
/blog/ponerse-implantes/,A la hora de ponerse implantes - Antiaging Group Barcelona
/blog/origen-micropigmentacion/,Origen de la micropigmentación - Antiaging Group Barcelona
/blog/capsulectomia/,Capsulectomía - Antiaging Group Barcelona
/blog/7-ideas-para-el-si-quiero/,7 ideas para el sí quiero - Antiaging Group Barcelona
/blog/4-tratamientos-para-recuperar-la-piel-tras-el-verano/,4 tratamientos para recuperar la piel tras el verano - Antiaging Group Barcelona
/blog/eliminar-patas-de-gallo/,Eliminar las patas de gallo - Antiaging Group Barcelona
/blog/deporte-tras-cirugia-de-aumento-de-mamas/,Deporte tras cirugía de aumento de mamas - Antiaging Group Barcelona
/blog/malos-habitos-que-causan-pecho-caido-cual-es-el-tuyo/,Lo que puedes estar haciendo que no sabes que causa pecho caído ¡ojo! - Antiaging Group Barcelona
/blog/surco-nasogeniano/,Surco nasogeniano: preguntas frecuentes - Antiaging Group Barcelona
/blog/tratamientos-medicina-estetica-tendencia-2014/,6 tratamientos de medicina estética que serán tendencia en 2014
/blog/es-posible-retocarse-la-nariz-sin-cirugia/,¿Es posible retocar la nariz sin cirugía? - Antiaging Group Barcelona
/blog/tipos-manchas-en-la-piel/,Conoce los tipos de manchas en la piel - Antiaging Group Barcelona
/blog/obsesionados-por-la-belleza/,¿Vivimos obsesionados por la belleza?
/blog/estudio-seguridad-via-axilar-aumento-pecho/,¿Es seguro el aumento de pecho por la vía axilar?
/blog/te-has-hecho-un-retoque-secretos-cirugia-plastica/,¿Te has hecho un retoque? ¿contarías que te has hecho una cirugía? - Antiaging Group Barcelona
/blog/medicina-estetica-postparto/,Medicina estética para después del parto - Antiaging Group Barcelona
/blog/estrias-tras-un-aumento-de-mamas/,Estrías tras un aumento de mamas - Antiaging Group Barcelona
/blog/aumento-de-pecho-combinado-implantes-y-grasa/,Aumento de pecho combinado: implantes y grasa - Antiaging Group Barcelona
/blog/quiero-unos-pomulos-bonitos/,Quiero unos pómulos bonitos - Antiaging Group Barcelona
/otoplastia-barcelona/,Otoplastia en Barcelona | Cirugía de las Orejas - Antiaging Group Barcelona
/blog/mastectomia-preventiva-tecnica-con-mallas-braxon/,Mastectomía Preventiva: técnica con las mallas Braxon - Antiaging Group Barcelona
/blog/cambio-implantes-mama-axila/,¿Puedo cambiarme los implantes por la axila? - Antiaging Group Barcelona
/blog/cuando-es-mejor-una-lipectomia/,¿Cuándo es mejor una lipectomía? - Antiaging Group Barcelona
/blog/textura-implantes-mamarios-lisas-texturizadas/,¿Prótesis lisas o texturizadas? Todo sobre la textura de los implantes. - Antiaging Group Barcelona
/blog/nalgas-perfectas/,Las nalgas perfectas - Antiaging Group Barcelona
/blog/toda-la-verdad-la-depilacion-laser/,Toda la verdad sobre la depilación láser - Antiaging Group Barcelona - Antiaging Group Barcelona
/blog/ejercicios-tras-aumento-de-pecho/,movimientos y ejercicios tras el aumento de pecho - Antiaging Group Barcelona
/blog/lipofilling-facial/,Lipofilling facial - Antiaging Group Barcelona
/blog/lipoatrofia-facial-vih-nuevos-tratamientos-existen/,Lipoatrofia facial en VIH ¿qué nuevos tratamientos existen? - Antiaging Group Barcelona
/blog/cirugia-estetica-en-adolescentes/,Cirugía estética en adolescentes - Antiaging Group Barcelona
/blog/seroma-en-mama/,Seroma en mama - Antiaging Group Barcelona
/cirugia-intima-femenina/,Cirugia Íntima Femenina - Antiaging Group Barcelona
/blog/parezco-mas-viejo/,Por qué parezco más viejo - Antiaging Group Barcelona
/blog/anatomia-de-la-nariz/,Anatomía de la nariz - Antiaging Group Barcelona
/blog/banana-subglutea/,Banana subglútea: grasa bajo los glúteos - Antiaging Group Barcelona
/blog/aumento-de-pecho-con-grasa-preguntas-frecuentes/,Preguntas frecuentes sobre el aumento de mamas con grasa - Antiaging Group Barcelona
/blog/cuidado-cicatrices-cirugia-verano/,Cuidado de las cicatrices de cirugía en verano - Antiaging Group Barcelona
/blog/realmente-sabes-lo-que-es-la-medicina-antienvejecimiento/,¿Realmente sabes lo que es la medicina antienvejecimiento? - Antiaging Group Barcelona
/blog/cirugia-lobulo-oreja/,Cirugía del Lobulo de la oreja - Antiaging Group Barcelona
/blog/depresion-tras-la-cirugia-estetica/,Depresión tras la cirugía estética - Antiaging Group Barcelona
/blog/que-son-las-mamas-asimetricas/,¿Qué son exactamente las mamas asimétricas? - Antiaging Group Barcelona
/tratamiento-laser-rejuvenecimiento/,Tratamiento laser para rejuvenecimiento - Antiaging Group Barcelona
/blog/micropigmentacion-de-areolas-para-corregir-asimetrias/,Micropigmentación de areolas para corregir asimetrías. Tittooing. - Antiaging Group Barcelona
/blog/tratamientos-recuperar-la-piel-tras-el-verano/,Tratamientos para recuperar la piel tras el verano - Antiaging Group Barcelona
/blog/desviacion-del-tabique-nasal-nariz-torcida/,Desviación del tabique nasal: corregir una nariz torcida - Antiaging Group Barcelona
/blog/cirugia-regenerativa-medicina-regenerativa/,La Cirugía Plástica da paso a la Cirugía Regenerativa - Antiaging Group Barcelona
/blog/el-colageno/,Qué es el colágeno y cuáles son sus beneficios. Tipos de colágeno - Antiaging Group Barcelona
/blog/quiero-tener-menos-pecho/,Yo quiero tener menos pecho - Antiaging Group Barcelona
/blog/nacer-sin-musculo-pectoral/,Nacer sin músculo pectoral - Poland - Antiaging Group Barcelona
/blog/mesoplastia-facial-mesoterapia/,Mesoterapia: Mesoplastia facial - Antiaging Group Barcelona
/blog/liposuccion-pantorrillas/,Liposucción de pantorrillas - Antiaging Group Barcelona
/blog/pomulos-radiesse-acido-hialuronico-liftin/,"Pómulos: radiesse, ácido hialurónico y lifting - Antiaging Group Barcelona"
/blog/armonia-facial-los-pomulos-de-madamedu-barry/,Armonía facial: Los pómulos Madame du Barry - Antiaging Group Barcelona
/,Cirugía Estética y Medicina Estética en Barcelona - Antiaging Group Barcelona
/blog/tratamientos-de-medicina-estetica-y-epocas-del-ano/,Tratamientos de medicina estética y épocas del año - Antiaging Group Barcelona
/blog/ofertas-online-groupon-cirugia-estetica/,"Bueno, bonito y chollo: Groupon y cirugía estética - Antiaging Group Barcelona"
/blog/exactamente-las-protesis-mamarias/,Cómo son exactamente las prótesis mamarias - Antiaging Group Barcelona
/quienes-somos/,Quienes Somos - Antiaging Group Barcelona
/blog/como-afecta-la-polucion-a-la-piel/,Cómo afecta la polución a la piel - Antiaging Group Barcelona
/blog/la-seguridad-en-la-cirugia-postbariatrica/,La seguridad en la cirugía postbariátrica - Antiaging Group Barcelona
/blog/,Blog de cirugía plástica y estética - Antiaging Group Barcelona
/blog/ginecomastia-en-hombres-mayores/,"Ginecomastia en hombres mayores, a partir de los 50. - Antiaging Group Barcelona"
/blog/cirugia-reconstructiva-de-pantorrilla/,Cirugía de reconstrucción de la pantorrilla - Antiaging Group Barcelona